run,peak_infection,total_abx_days,abx_days_per_baby,selection_events,transmission_R,total_recoveries,cumulative_I_R,scenario
1,4.0,242.0,24.2,6.0,109.0,49.0,205.0,B
2,4.0,357.0,35.7,7.0,68.0,49.0,115.0,B
3,4.0,328.0,46.86,4.0,98.0,55.0,168.0,B
4,6.0,260.0,260.0,6.0,107.0,42.0,167.0,B
5,5.0,479.0,47.9,10.0,49.0,42.0,79.0,B
6,5.0,430.0,107.5,9.0,31.0,42.0,119.0,B
7,4.0,419.0,83.8,19.0,41.0,40.0,130.0,B
8,7.0,294.0,49.0,7.0,94.0,40.0,194.0,B
9,5.0,233.0,23.3,5.0,102.0,44.0,191.0,B
10,5.0,309.0,103.0,7.0,82.0,49.0,160.0,B
11,6.0,290.0,29.0,10.0,89.0,46.0,179.0,B
12,5.0,268.0,26.8,6.0,99.0,42.0,227.0,B
13,7.0,434.0,72.33,8.0,75.0,62.0,145.0,B
14,6.0,234.0,23.4,5.0,112.0,45.0,230.0,B
15,6.0,363.0,36.3,5.0,73.0,54.0,132.0,B
16,7.0,309.0,30.9,7.0,90.0,46.0,226.0,B
17,7.0,492.0,49.2,20.0,35.0,63.0,76.0,B
18,5.0,372.0,46.5,14.0,75.0,51.0,144.0,B
19,7.0,340.0,34.0,8.0,80.0,46.0,156.0,B
20,5.0,336.0,112.0,17.0,44.0,38.0,58.0,B
21,5.0,305.0,61.0,6.0,91.0,50.0,193.0,B
22,6.0,276.0,27.6,9.0,117.0,46.0,234.0,B
23,4.0,391.0,195.5,11.0,71.0,55.0,141.0,B
24,5.0,257.0,25.7,6.0,93.0,48.0,194.0,B
25,6.0,374.0,37.4,7.0,47.0,51.0,110.0,B
26,5.0,230.0,32.86,3.0,116.0,52.0,222.0,B
27,5.0,414.0,41.4,12.0,52.0,60.0,106.0,B
28,5.0,343.0,34.3,9.0,82.0,56.0,170.0,B
29,5.0,373.0,93.25,8.0,68.0,58.0,90.0,B
30,4.0,259.0,64.75,8.0,106.0,45.0,160.0,B
31,5.0,147.0,147.0,2.0,123.0,35.0,221.0,B
32,5.0,359.0,359.0,15.0,61.0,55.0,62.0,B
33,5.0,207.0,34.5,5.0,106.0,43.0,154.0,B
34,6.0,455.0,45.5,11.0,37.0,53.0,65.0,B
35,4.0,532.0,53.2,26.0,27.0,48.0,68.0,B
36,6.0,335.0,41.88,9.0,91.0,46.0,191.0,B
37,5.0,361.0,36.1,9.0,87.0,45.0,184.0,B
38,5.0,336.0,33.6,8.0,90.0,43.0,200.0,B
39,5.0,243.0,24.3,9.0,122.0,40.0,250.0,B
40,5.0,364.0,36.4,10.0,62.0,41.0,163.0,B
41,5.0,270.0,67.5,1.0,119.0,47.0,231.0,B
42,6.0,356.0,178.0,10.0,66.0,42.0,138.0,B
43,5.0,411.0,51.38,11.0,41.0,62.0,117.0,B
44,5.0,249.0,41.5,5.0,124.0,52.0,236.0,B
45,5.0,299.0,42.71,9.0,86.0,44.0,189.0,B
46,5.0,266.0,26.6,6.0,112.0,45.0,309.0,B
47,6.0,452.0,64.57,14.0,29.0,52.0,86.0,B
48,6.0,425.0,42.5,11.0,55.0,46.0,129.0,B
49,5.0,430.0,43.0,9.0,43.0,51.0,105.0,B
50,4.0,440.0,73.33,14.0,25.0,60.0,64.0,B
51,6.0,398.0,66.33,16.0,72.0,46.0,160.0,B
52,6.0,281.0,40.14,7.0,101.0,41.0,176.0,B
53,5.0,312.0,31.2,11.0,76.0,51.0,175.0,B
54,5.0,349.0,34.9,9.0,88.0,71.0,180.0,B
55,5.0,370.0,37.0,12.0,76.0,47.0,114.0,B
56,5.0,294.0,29.4,8.0,86.0,53.0,208.0,B
57,6.0,351.0,35.1,12.0,74.0,53.0,166.0,B
58,5.0,238.0,23.8,8.0,87.0,42.0,192.0,B
59,5.0,426.0,213.0,10.0,41.0,48.0,48.0,B
60,6.0,423.0,52.88,9.0,42.0,50.0,108.0,B
61,5.0,284.0,31.56,9.0,88.0,43.0,169.0,B
62,5.0,232.0,23.2,7.0,124.0,48.0,201.0,B
63,4.0,523.0,52.3,18.0,22.0,52.0,63.0,B
64,5.0,438.0,43.8,15.0,44.0,53.0,119.0,B
65,4.0,352.0,35.2,9.0,69.0,50.0,124.0,B
66,5.0,318.0,35.33,2.0,77.0,40.0,173.0,B
67,5.0,346.0,49.43,11.0,51.0,47.0,121.0,B
68,6.0,334.0,37.11,7.0,95.0,57.0,204.0,B
69,4.0,292.0,29.2,7.0,97.0,45.0,164.0,B
70,6.0,284.0,28.4,7.0,88.0,45.0,141.0,B
71,4.0,339.0,84.75,9.0,80.0,49.0,127.0,B
72,6.0,227.0,22.7,5.0,125.0,64.0,244.0,B
73,5.0,391.0,39.1,11.0,64.0,52.0,120.0,B
74,5.0,302.0,100.67,7.0,81.0,45.0,145.0,B
75,5.0,485.0,48.5,11.0,28.0,60.0,110.0,B
76,7.0,265.0,53.0,5.0,104.0,54.0,198.0,B
77,5.0,390.0,65.0,12.0,45.0,57.0,98.0,B
78,5.0,361.0,36.1,12.0,86.0,52.0,182.0,B
79,5.0,502.0,50.2,9.0,29.0,51.0,64.0,B
80,5.0,325.0,40.62,10.0,86.0,51.0,151.0,B
81,4.0,454.0,227.0,1.0,7.0,54.0,10.0,B
82,6.0,353.0,35.3,12.0,75.0,52.0,192.0,B
83,4.0,239.0,47.8,5.0,128.0,52.0,217.0,B
84,3.0,476.0,59.5,12.0,40.0,47.0,93.0,B
85,6.0,250.0,25.0,7.0,123.0,49.0,212.0,B
86,5.0,356.0,356.0,8.0,52.0,57.0,77.0,B
87,4.0,273.0,39.0,6.0,100.0,51.0,179.0,B
88,6.0,364.0,121.33,8.0,72.0,52.0,164.0,B
89,5.0,304.0,33.78,9.0,95.0,43.0,163.0,B
90,5.0,311.0,103.67,12.0,79.0,50.0,240.0,B
91,4.0,398.0,79.6,17.0,61.0,50.0,109.0,B
92,6.0,385.0,77.0,10.0,58.0,41.0,150.0,B
93,5.0,383.0,383.0,14.0,53.0,49.0,109.0,B
94,5.0,279.0,27.9,4.0,105.0,55.0,234.0,B
95,5.0,438.0,438.0,11.0,14.0,55.0,27.0,B
96,5.0,472.0,157.33,12.0,51.0,50.0,102.0,B
97,4.0,307.0,76.75,12.0,82.0,44.0,150.0,B
98,5.0,451.0,45.1,11.0,37.0,53.0,72.0,B
99,6.0,452.0,45.2,17.0,58.0,60.0,173.0,B
100,6.0,457.0,152.33,18.0,32.0,45.0,121.0,B
1,6.0,265.0,26.5,3.0,77.0,45.0,135.0,A
2,5.0,334.0,33.4,12.0,69.0,61.0,134.0,A
3,4.0,329.0,32.9,6.0,42.0,50.0,90.0,A
4,6.0,325.0,32.5,7.0,64.0,51.0,165.0,A
5,6.0,318.0,31.8,6.0,89.0,58.0,202.0,A
6,5.0,281.0,28.1,6.0,84.0,54.0,126.0,A
7,6.0,366.0,61.0,5.0,0.0,59.0,24.0,A
8,6.0,396.0,39.6,7.0,32.0,61.0,79.0,A
9,4.0,345.0,34.5,8.0,15.0,52.0,40.0,A
10,4.0,260.0,26.0,7.0,44.0,44.0,96.0,A
11,5.0,352.0,70.4,10.0,48.0,53.0,75.0,A
12,5.0,320.0,32.0,7.0,31.0,60.0,45.0,A
13,4.0,365.0,182.5,7.0,8.0,55.0,22.0,A
14,4.0,301.0,30.1,6.0,97.0,51.0,158.0,A
15,6.0,276.0,27.6,3.0,117.0,49.0,310.0,A
16,3.0,380.0,38.0,14.0,24.0,49.0,54.0,A
17,5.0,384.0,128.0,9.0,9.0,55.0,27.0,A
18,5.0,296.0,29.6,4.0,70.0,47.0,114.0,A
19,5.0,340.0,170.0,8.0,26.0,64.0,30.0,A
20,4.0,233.0,23.3,5.0,105.0,44.0,138.0,A
21,4.0,294.0,58.8,5.0,78.0,46.0,164.0,A
22,5.0,274.0,27.4,5.0,95.0,52.0,199.0,A
23,5.0,365.0,36.5,7.0,35.0,64.0,92.0,A
24,6.0,259.0,259.0,3.0,51.0,48.0,114.0,A
25,5.0,361.0,361.0,8.0,24.0,59.0,59.0,A
26,3.0,274.0,Inf,3.0,2.0,54.0,6.0,A
27,5.0,286.0,95.33,7.0,91.0,39.0,186.0,A
28,5.0,351.0,35.1,6.0,78.0,67.0,149.0,A
29,5.0,282.0,70.5,7.0,62.0,55.0,132.0,A
30,5.0,369.0,36.9,10.0,52.0,54.0,135.0,A
31,4.0,260.0,86.67,8.0,69.0,52.0,130.0,A
32,3.0,318.0,159.0,8.0,28.0,46.0,34.0,A
33,5.0,317.0,45.29,8.0,85.0,49.0,197.0,A
34,5.0,311.0,34.56,4.0,29.0,50.0,77.0,A
35,5.0,322.0,53.67,7.0,47.0,58.0,59.0,A
36,6.0,263.0,43.83,4.0,109.0,48.0,209.0,A
37,6.0,280.0,31.11,4.0,102.0,59.0,190.0,A
38,6.0,373.0,37.3,6.0,8.0,46.0,45.0,A
39,4.0,285.0,95.0,4.0,54.0,55.0,70.0,A
40,4.0,290.0,290.0,10.0,19.0,36.0,56.0,A
41,5.0,321.0,32.1,9.0,34.0,40.0,72.0,A
42,6.0,271.0,33.88,7.0,65.0,49.0,153.0,A
43,4.0,312.0,31.2,8.0,35.0,48.0,94.0,A
44,4.0,311.0,77.75,5.0,49.0,46.0,82.0,A
45,5.0,271.0,27.1,5.0,60.0,45.0,111.0,A
46,6.0,354.0,35.4,5.0,56.0,54.0,125.0,A
47,4.0,287.0,287.0,7.0,53.0,43.0,105.0,A
48,4.0,260.0,28.89,5.0,73.0,64.0,101.0,A
49,4.0,294.0,98.0,6.0,46.0,46.0,101.0,A
50,5.0,332.0,166.0,9.0,7.0,46.0,22.0,A
51,5.0,294.0,29.4,4.0,78.0,51.0,156.0,A
52,5.0,334.0,83.5,6.0,14.0,54.0,22.0,A
53,5.0,343.0,38.11,8.0,36.0,58.0,55.0,A
54,5.0,255.0,85.0,5.0,95.0,28.0,202.0,A
55,4.0,369.0,36.9,9.0,28.0,46.0,44.0,A
56,4.0,341.0,48.71,11.0,28.0,51.0,55.0,A
57,4.0,214.0,71.33,3.0,102.0,48.0,144.0,A
58,4.0,415.0,51.88,6.0,32.0,56.0,95.0,A
59,5.0,205.0,22.78,4.0,99.0,48.0,116.0,A
60,5.0,322.0,32.2,3.0,81.0,56.0,144.0,A
61,5.0,254.0,25.4,3.0,87.0,47.0,133.0,A
62,6.0,259.0,25.9,2.0,107.0,42.0,232.0,A
63,6.0,261.0,26.1,3.0,114.0,53.0,207.0,A
64,4.0,328.0,46.86,7.0,21.0,61.0,28.0,A
65,6.0,356.0,178.0,4.0,17.0,61.0,17.0,A
66,5.0,246.0,49.2,3.0,88.0,32.0,127.0,A
67,4.0,289.0,144.5,7.0,41.0,45.0,75.0,A
68,5.0,292.0,29.2,5.0,90.0,50.0,165.0,A
69,5.0,387.0,38.7,10.0,31.0,53.0,63.0,A
70,4.0,320.0,32.0,10.0,21.0,61.0,61.0,A
71,6.0,291.0,29.1,0.0,120.0,53.0,291.0,A
72,7.0,295.0,29.5,3.0,96.0,57.0,186.0,A
73,5.0,330.0,33.0,7.0,66.0,47.0,120.0,A
74,4.0,380.0,38.0,10.0,15.0,56.0,34.0,A
75,5.0,336.0,56.0,11.0,53.0,50.0,103.0,A
76,3.0,363.0,72.6,12.0,14.0,52.0,46.0,A
77,5.0,306.0,30.6,8.0,77.0,51.0,144.0,A
78,5.0,288.0,28.8,7.0,82.0,39.0,198.0,A
79,6.0,333.0,47.57,8.0,14.0,52.0,33.0,A
80,5.0,312.0,104.0,9.0,24.0,37.0,44.0,A
81,4.0,267.0,38.14,6.0,71.0,47.0,80.0,A
82,4.0,366.0,36.6,7.0,12.0,56.0,13.0,A
83,5.0,380.0,38.0,6.0,15.0,50.0,39.0,A
84,5.0,308.0,30.8,5.0,48.0,50.0,72.0,A
85,5.0,293.0,29.3,4.0,55.0,54.0,96.0,A
86,5.0,337.0,67.4,7.0,10.0,58.0,34.0,A
87,4.0,264.0,132.0,4.0,90.0,52.0,119.0,A
88,5.0,296.0,37.0,3.0,51.0,61.0,91.0,A
89,5.0,263.0,65.75,2.0,90.0,46.0,202.0,A
90,4.0,361.0,36.1,7.0,39.0,52.0,57.0,A
91,5.0,387.0,55.29,2.0,3.0,55.0,5.0,A
92,5.0,368.0,36.8,7.0,34.0,51.0,90.0,A
93,4.0,352.0,35.2,6.0,18.0,55.0,34.0,A
94,5.0,254.0,50.8,3.0,100.0,62.0,165.0,A
95,4.0,267.0,66.75,5.0,16.0,45.0,39.0,A
96,4.0,401.0,80.2,11.0,6.0,54.0,17.0,A
97,5.0,246.0,Inf,6.0,4.0,43.0,3.0,A
98,4.0,255.0,255.0,6.0,88.0,53.0,157.0,A
99,6.0,308.0,308.0,8.0,30.0,46.0,40.0,A
100,4.0,367.0,36.7,10.0,19.0,57.0,52.0,A
1,5.0,318.0,31.8,5.0,111.0,36.0,262.0,C
2,5.0,323.0,323.0,10.0,99.0,50.0,160.0,C
3,4.0,342.0,114.0,6.0,128.0,44.0,259.0,C
4,5.0,506.0,168.67,17.0,46.0,42.0,67.0,C
5,6.0,305.0,101.67,5.0,129.0,54.0,192.0,C
6,5.0,342.0,34.2,10.0,99.0,47.0,198.0,C
7,6.0,356.0,71.2,9.0,90.0,50.0,245.0,C
8,5.0,407.0,101.75,8.0,62.0,55.0,137.0,C
9,5.0,412.0,41.2,10.0,83.0,54.0,205.0,C
10,6.0,344.0,38.22,9.0,108.0,51.0,224.0,C
11,6.0,284.0,28.4,3.0,121.0,52.0,295.0,C
12,4.0,388.0,38.8,11.0,89.0,55.0,208.0,C
13,3.0,253.0,Inf,9.0,101.0,41.0,120.0,C
14,6.0,304.0,152.0,3.0,109.0,42.0,178.0,C
15,6.0,405.0,57.86,10.0,71.0,42.0,137.0,C
16,7.0,324.0,32.4,6.0,113.0,42.0,231.0,C
17,5.0,423.0,423.0,10.0,73.0,64.0,105.0,C
18,4.0,402.0,40.2,10.0,87.0,47.0,188.0,C
19,4.0,371.0,371.0,10.0,75.0,49.0,105.0,C
20,5.0,436.0,43.6,10.0,66.0,45.0,170.0,C
21,4.0,469.0,58.62,15.0,68.0,44.0,114.0,C
22,4.0,393.0,78.6,14.0,90.0,44.0,170.0,C
23,6.0,471.0,78.5,8.0,69.0,45.0,134.0,C
24,4.0,332.0,110.67,7.0,99.0,52.0,132.0,C
25,4.0,362.0,181.0,11.0,32.0,38.0,83.0,C
26,5.0,479.0,479.0,16.0,56.0,57.0,144.0,C
27,5.0,570.0,57.0,18.0,29.0,50.0,95.0,C
28,4.0,324.0,54.0,7.0,102.0,44.0,166.0,C
29,5.0,445.0,44.5,7.0,84.0,56.0,153.0,C
30,6.0,480.0,48.0,12.0,45.0,53.0,151.0,C
31,7.0,364.0,52.0,8.0,101.0,58.0,205.0,C
32,5.0,484.0,Inf,16.0,30.0,48.0,66.0,C
33,6.0,503.0,50.3,14.0,46.0,55.0,130.0,C
34,6.0,284.0,28.4,6.0,119.0,56.0,246.0,C
35,5.0,329.0,329.0,9.0,86.0,43.0,199.0,C
36,6.0,279.0,93.0,5.0,121.0,49.0,223.0,C
37,7.0,460.0,Inf,13.0,77.0,46.0,216.0,C
38,6.0,333.0,166.5,8.0,93.0,50.0,157.0,C
39,6.0,378.0,42.0,13.0,79.0,53.0,200.0,C
40,4.0,516.0,51.6,11.0,46.0,49.0,136.0,C
41,4.0,473.0,52.56,17.0,53.0,46.0,139.0,C
42,5.0,326.0,46.57,9.0,118.0,47.0,193.0,C
43,4.0,302.0,30.2,11.0,110.0,48.0,208.0,C
44,5.0,419.0,139.67,8.0,89.0,37.0,204.0,C
45,6.0,324.0,32.4,7.0,107.0,48.0,209.0,C
46,5.0,590.0,59.0,18.0,44.0,65.0,54.0,C
47,6.0,381.0,38.1,4.0,106.0,60.0,220.0,C
48,6.0,444.0,63.43,10.0,64.0,42.0,100.0,C
49,4.0,392.0,49.0,8.0,92.0,54.0,150.0,C
50,5.0,359.0,71.8,10.0,78.0,53.0,177.0,C
51,4.0,461.0,153.67,12.0,56.0,56.0,126.0,C
52,6.0,327.0,32.7,8.0,96.0,49.0,200.0,C
53,6.0,458.0,45.8,10.0,83.0,54.0,263.0,C
54,5.0,446.0,223.0,14.0,60.0,40.0,160.0,C
55,6.0,439.0,54.88,12.0,55.0,40.0,107.0,C
56,5.0,454.0,45.4,13.0,66.0,50.0,162.0,C
57,5.0,615.0,68.33,19.0,29.0,48.0,47.0,C
58,5.0,369.0,73.8,11.0,86.0,42.0,161.0,C
59,5.0,379.0,94.75,9.0,86.0,47.0,214.0,C
60,5.0,458.0,458.0,14.0,63.0,55.0,163.0,C
61,6.0,371.0,37.1,14.0,94.0,46.0,158.0,C
62,5.0,371.0,37.1,8.0,79.0,50.0,163.0,C
63,5.0,453.0,90.6,11.0,80.0,53.0,155.0,C
64,5.0,418.0,104.5,9.0,71.0,52.0,148.0,C
65,6.0,278.0,27.8,3.0,126.0,52.0,273.0,C
66,5.0,375.0,37.5,3.0,82.0,54.0,158.0,C
67,5.0,447.0,44.7,10.0,78.0,43.0,195.0,C
68,4.0,282.0,Inf,5.0,103.0,40.0,184.0,C
69,7.0,377.0,37.7,7.0,97.0,51.0,260.0,C
70,5.0,333.0,33.3,5.0,96.0,51.0,181.0,C
71,5.0,380.0,47.5,8.0,110.0,55.0,188.0,C
72,5.0,445.0,74.17,11.0,81.0,48.0,182.0,C
73,6.0,331.0,33.1,6.0,114.0,46.0,265.0,C
74,6.0,468.0,46.8,14.0,40.0,44.0,138.0,C
75,4.0,260.0,52.0,3.0,141.0,49.0,243.0,C
76,5.0,291.0,29.1,5.0,113.0,41.0,230.0,C
77,5.0,365.0,73.0,5.0,90.0,32.0,142.0,C
78,7.0,486.0,54.0,15.0,68.0,40.0,166.0,C
79,6.0,450.0,45.0,9.0,71.0,50.0,150.0,C
80,5.0,365.0,365.0,12.0,80.0,46.0,177.0,C
81,4.0,321.0,35.67,4.0,107.0,46.0,181.0,C
82,5.0,360.0,36.0,10.0,104.0,53.0,225.0,C
83,5.0,273.0,30.33,4.0,135.0,47.0,243.0,C
84,5.0,315.0,31.5,4.0,105.0,45.0,301.0,C
85,6.0,323.0,64.6,4.0,115.0,48.0,248.0,C
86,5.0,282.0,28.2,2.0,133.0,55.0,307.0,C
87,5.0,452.0,452.0,10.0,54.0,41.0,132.0,C
88,6.0,235.0,23.5,1.0,135.0,42.0,285.0,C
89,6.0,411.0,45.67,10.0,84.0,60.0,202.0,C
90,5.0,363.0,Inf,14.0,66.0,33.0,135.0,C
91,6.0,309.0,30.9,5.0,117.0,54.0,263.0,C
92,5.0,416.0,41.6,13.0,79.0,46.0,180.0,C
93,4.0,287.0,28.7,9.0,89.0,50.0,144.0,C
94,5.0,240.0,60.0,6.0,106.0,30.0,190.0,C
95,6.0,388.0,64.67,9.0,98.0,54.0,211.0,C
96,5.0,423.0,42.3,7.0,95.0,54.0,207.0,C
97,6.0,334.0,37.11,7.0,108.0,41.0,265.0,C
98,5.0,479.0,79.83,12.0,63.0,41.0,147.0,C
99,4.0,308.0,51.33,5.0,102.0,35.0,160.0,C
100,5.0,447.0,44.7,8.0,83.0,59.0,175.0,C
1,6.0,556.0,69.5,17.0,47.0,71.0,100.0,Baseline
2,5.0,471.0,157.0,3.0,83.0,45.0,147.0,Baseline
3,4.0,486.0,162.0,7.0,41.0,41.0,108.0,Baseline
4,6.0,332.0,33.2,3.0,97.0,57.0,218.0,Baseline
5,5.0,324.0,81.0,7.0,125.0,42.0,279.0,Baseline
6,5.0,498.0,62.25,18.0,61.0,59.0,130.0,Baseline
7,4.0,314.0,157.0,8.0,94.0,40.0,177.0,Baseline
8,4.0,413.0,103.25,11.0,72.0,56.0,87.0,Baseline
9,6.0,389.0,38.9,8.0,96.0,44.0,234.0,Baseline
10,7.0,356.0,118.67,2.0,100.0,44.0,248.0,Baseline
11,5.0,507.0,50.7,13.0,63.0,59.0,95.0,Baseline
12,4.0,392.0,39.2,15.0,89.0,54.0,164.0,Baseline
13,6.0,450.0,45.0,10.0,43.0,54.0,110.0,Baseline
14,5.0,543.0,135.75,13.0,41.0,53.0,76.0,Baseline
15,6.0,284.0,47.33,3.0,124.0,46.0,241.0,Baseline
16,5.0,578.0,57.8,14.0,38.0,68.0,86.0,Baseline
17,4.0,504.0,50.4,15.0,48.0,57.0,86.0,Baseline
18,5.0,419.0,69.83,9.0,71.0,39.0,124.0,Baseline
19,6.0,297.0,29.7,9.0,104.0,48.0,163.0,Baseline
20,6.0,459.0,45.9,7.0,68.0,59.0,126.0,Baseline
21,6.0,376.0,37.6,9.0,81.0,50.0,146.0,Baseline
22,6.0,463.0,231.5,8.0,64.0,45.0,160.0,Baseline
23,5.0,439.0,62.71,12.0,89.0,53.0,198.0,Baseline
24,7.0,283.0,70.75,9.0,117.0,35.0,223.0,Baseline
25,5.0,486.0,48.6,12.0,59.0,51.0,141.0,Baseline
26,5.0,490.0,163.33,13.0,55.0,49.0,119.0,Baseline
27,5.0,467.0,46.7,12.0,78.0,46.0,206.0,Baseline
28,4.0,324.0,64.8,10.0,116.0,47.0,184.0,Baseline
29,5.0,327.0,32.7,8.0,99.0,51.0,191.0,Baseline
30,4.0,312.0,44.57,5.0,116.0,50.0,174.0,Baseline
31,4.0,315.0,35.0,10.0,100.0,44.0,157.0,Baseline
32,5.0,406.0,203.0,10.0,63.0,51.0,138.0,Baseline
33,4.0,340.0,48.57,6.0,107.0,52.0,184.0,Baseline
34,4.0,391.0,39.1,14.0,74.0,47.0,158.0,Baseline
35,4.0,424.0,53.0,14.0,86.0,46.0,178.0,Baseline
36,4.0,395.0,39.5,12.0,92.0,47.0,171.0,Baseline
37,6.0,290.0,29.0,7.0,124.0,44.0,211.0,Baseline
38,5.0,444.0,148.0,15.0,39.0,50.0,95.0,Baseline
39,4.0,348.0,34.8,6.0,85.0,47.0,168.0,Baseline
40,5.0,262.0,26.2,2.0,127.0,48.0,198.0,Baseline
41,4.0,348.0,38.67,2.0,111.0,49.0,184.0,Baseline
42,5.0,330.0,47.14,10.0,94.0,46.0,133.0,Baseline
43,5.0,412.0,45.78,11.0,88.0,49.0,170.0,Baseline
44,6.0,439.0,219.5,11.0,58.0,48.0,138.0,Baseline
45,4.0,369.0,36.9,9.0,104.0,52.0,164.0,Baseline
46,5.0,349.0,69.8,8.0,103.0,48.0,231.0,Baseline
47,5.0,303.0,30.3,7.0,100.0,48.0,221.0,Baseline
48,8.0,492.0,82.0,19.0,59.0,55.0,188.0,Baseline
49,6.0,485.0,48.5,15.0,69.0,56.0,145.0,Baseline
50,6.0,463.0,46.3,8.0,65.0,50.0,175.0,Baseline
51,5.0,431.0,53.88,12.0,87.0,47.0,143.0,Baseline
52,5.0,541.0,54.1,20.0,43.0,49.0,88.0,Baseline
53,4.0,314.0,157.0,8.0,96.0,42.0,188.0,Baseline
54,5.0,417.0,59.57,10.0,82.0,54.0,163.0,Baseline
55,6.0,283.0,94.33,5.0,121.0,39.0,260.0,Baseline
56,4.0,348.0,49.71,8.0,83.0,45.0,118.0,Baseline
57,4.0,303.0,303.0,8.0,84.0,45.0,174.0,Baseline
58,5.0,432.0,72.0,10.0,77.0,54.0,165.0,Baseline
59,6.0,342.0,34.2,7.0,103.0,48.0,211.0,Baseline
60,5.0,339.0,169.5,9.0,103.0,51.0,171.0,Baseline
61,6.0,495.0,247.5,12.0,66.0,60.0,179.0,Baseline
62,6.0,313.0,31.3,5.0,117.0,53.0,236.0,Baseline
63,6.0,322.0,64.4,6.0,89.0,46.0,132.0,Baseline
64,4.0,385.0,385.0,9.0,60.0,39.0,103.0,Baseline
65,5.0,313.0,31.3,6.0,117.0,39.0,279.0,Baseline
66,5.0,347.0,34.7,8.0,110.0,45.0,184.0,Baseline
67,5.0,566.0,56.6,20.0,17.0,54.0,39.0,Baseline
68,5.0,448.0,44.8,12.0,66.0,52.0,205.0,Baseline
69,5.0,421.0,105.25,12.0,52.0,43.0,85.0,Baseline
70,5.0,439.0,109.75,12.0,67.0,43.0,124.0,Baseline
71,5.0,438.0,109.5,10.0,75.0,55.0,152.0,Baseline
72,5.0,326.0,32.6,6.0,122.0,48.0,213.0,Baseline
73,6.0,550.0,55.0,13.0,49.0,59.0,114.0,Baseline
74,4.0,383.0,38.3,12.0,96.0,46.0,168.0,Baseline
75,6.0,390.0,39.0,13.0,93.0,44.0,212.0,Baseline
76,7.0,315.0,63.0,7.0,107.0,43.0,287.0,Baseline
77,5.0,345.0,57.5,11.0,106.0,50.0,182.0,Baseline
78,5.0,310.0,31.0,9.0,116.0,48.0,253.0,Baseline
79,5.0,360.0,360.0,11.0,100.0,40.0,206.0,Baseline
80,5.0,423.0,42.3,11.0,85.0,56.0,199.0,Baseline
81,5.0,383.0,127.67,6.0,103.0,49.0,242.0,Baseline
82,5.0,297.0,297.0,7.0,103.0,50.0,170.0,Baseline
83,5.0,542.0,54.2,9.0,54.0,56.0,122.0,Baseline
84,6.0,521.0,52.1,18.0,63.0,56.0,153.0,Baseline
85,6.0,288.0,57.6,7.0,122.0,48.0,173.0,Baseline
86,6.0,390.0,48.75,6.0,80.0,45.0,160.0,Baseline
87,5.0,404.0,404.0,14.0,74.0,57.0,108.0,Baseline
88,4.0,398.0,39.8,12.0,85.0,54.0,195.0,Baseline
89,6.0,397.0,39.7,8.0,107.0,48.0,246.0,Baseline
90,4.0,299.0,59.8,4.0,128.0,58.0,207.0,Baseline
91,6.0,262.0,26.2,7.0,106.0,31.0,219.0,Baseline
92,5.0,342.0,34.2,5.0,100.0,57.0,236.0,Baseline
93,5.0,295.0,147.5,7.0,90.0,47.0,157.0,Baseline
94,5.0,313.0,31.3,7.0,101.0,59.0,178.0,Baseline
95,4.0,298.0,29.8,7.0,128.0,57.0,224.0,Baseline
96,5.0,283.0,28.3,7.0,136.0,51.0,204.0,Baseline
97,4.0,399.0,133.0,10.0,108.0,52.0,168.0,Baseline
98,6.0,411.0,41.1,5.0,89.0,54.0,177.0,Baseline
99,6.0,346.0,86.5,8.0,94.0,41.0,249.0,Baseline
100,5.0,555.0,185.0,21.0,14.0,59.0,37.0,Baseline
1,4.0,382.0,47.75,15.0,67.0,39.0,132.0,D
2,4.0,290.0,145.0,11.0,48.0,37.0,73.0,D
3,5.0,339.0,33.9,8.0,65.0,45.0,94.0,D
4,4.0,542.0,54.2,15.0,27.0,43.0,61.0,D
5,5.0,442.0,49.11,18.0,45.0,41.0,50.0,D
6,4.0,224.0,28.0,4.0,113.0,33.0,186.0,D
7,4.0,390.0,78.0,16.0,39.0,43.0,47.0,D
8,4.0,309.0,30.9,11.0,72.0,43.0,189.0,D
9,5.0,316.0,45.14,8.0,68.0,32.0,133.0,D
10,3.0,180.0,Inf,5.0,51.0,25.0,70.0,D
11,7.0,239.0,23.9,3.0,93.0,47.0,195.0,D
12,4.0,324.0,32.4,7.0,3.0,27.0,16.0,D
13,4.0,332.0,66.4,8.0,48.0,33.0,93.0,D
14,5.0,246.0,123.0,5.0,94.0,42.0,188.0,D
15,5.0,519.0,86.5,9.0,20.0,38.0,41.0,D
16,4.0,346.0,43.25,11.0,43.0,38.0,80.0,D
17,4.0,417.0,41.7,9.0,44.0,45.0,79.0,D
18,5.0,339.0,33.9,10.0,77.0,39.0,175.0,D
19,5.0,329.0,164.5,7.0,82.0,37.0,164.0,D
20,6.0,340.0,34.0,12.0,66.0,29.0,206.0,D
21,6.0,378.0,37.8,7.0,80.0,47.0,242.0,D
22,6.0,230.0,23.0,5.0,105.0,48.0,228.0,D
23,5.0,466.0,46.6,5.0,22.0,49.0,32.0,D
24,5.0,392.0,39.2,11.0,30.0,38.0,77.0,D
25,5.0,353.0,35.3,8.0,34.0,45.0,47.0,D
26,4.0,244.0,24.4,4.0,60.0,34.0,115.0,D
27,4.0,258.0,25.8,5.0,112.0,40.0,225.0,D
28,5.0,289.0,28.9,5.0,84.0,40.0,182.0,D
29,5.0,463.0,77.17,14.0,61.0,47.0,125.0,D
30,5.0,346.0,34.6,8.0,76.0,37.0,161.0,D
31,5.0,303.0,303.0,9.0,61.0,32.0,78.0,D
32,4.0,452.0,64.57,11.0,35.0,40.0,83.0,D
33,6.0,223.0,111.5,4.0,101.0,41.0,197.0,D
34,4.0,339.0,113.0,9.0,56.0,43.0,95.0,D
35,4.0,374.0,37.4,8.0,82.0,47.0,163.0,D
36,4.0,337.0,67.4,11.0,48.0,36.0,93.0,D
37,4.0,340.0,113.33,9.0,22.0,30.0,95.0,D
38,5.0,491.0,49.1,11.0,26.0,51.0,62.0,D
39,4.0,238.0,39.67,3.0,86.0,34.0,175.0,D
40,7.0,274.0,27.4,8.0,75.0,43.0,179.0,D
41,4.0,457.0,45.7,12.0,40.0,55.0,85.0,D
42,5.0,364.0,36.4,6.0,60.0,43.0,125.0,D
43,5.0,209.0,26.12,3.0,84.0,29.0,186.0,D
44,4.0,339.0,169.5,11.0,44.0,42.0,73.0,D
45,5.0,448.0,44.8,17.0,42.0,42.0,124.0,D
46,4.0,204.0,20.4,3.0,107.0,44.0,190.0,D
47,4.0,418.0,41.8,10.0,46.0,49.0,57.0,D
48,6.0,269.0,26.9,8.0,76.0,45.0,168.0,D
49,5.0,349.0,49.86,6.0,92.0,46.0,168.0,D
50,4.0,276.0,27.6,3.0,86.0,44.0,107.0,D
51,5.0,292.0,292.0,6.0,81.0,50.0,123.0,D
52,4.0,369.0,73.8,8.0,45.0,44.0,67.0,D
53,5.0,347.0,34.7,12.0,47.0,38.0,93.0,D
54,5.0,282.0,28.2,8.0,111.0,42.0,268.0,D
55,5.0,277.0,27.7,6.0,91.0,36.0,182.0,D
56,4.0,312.0,31.2,11.0,70.0,41.0,144.0,D
57,6.0,460.0,46.0,11.0,51.0,37.0,94.0,D
58,6.0,287.0,95.67,5.0,63.0,34.0,163.0,D
59,6.0,294.0,29.4,7.0,70.0,42.0,135.0,D
60,4.0,331.0,82.75,10.0,52.0,39.0,94.0,D
61,4.0,281.0,93.67,8.0,60.0,35.0,122.0,D
62,5.0,281.0,28.1,5.0,117.0,46.0,248.0,D
63,5.0,311.0,31.1,10.0,90.0,36.0,212.0,D
64,5.0,419.0,46.56,7.0,47.0,34.0,96.0,D
65,4.0,434.0,Inf,10.0,9.0,30.0,39.0,D
66,4.0,273.0,27.3,7.0,88.0,38.0,150.0,D
67,6.0,275.0,Inf,7.0,71.0,40.0,177.0,D
68,5.0,419.0,41.9,12.0,15.0,32.0,37.0,D
69,4.0,316.0,63.2,10.0,53.0,38.0,90.0,D
70,4.0,248.0,82.67,9.0,50.0,30.0,104.0,D
71,6.0,514.0,51.4,8.0,12.0,53.0,28.0,D
72,5.0,464.0,77.33,10.0,17.0,47.0,17.0,D
73,4.0,312.0,39.0,8.0,77.0,43.0,151.0,D
74,6.0,317.0,31.7,5.0,75.0,41.0,194.0,D
75,4.0,220.0,36.67,3.0,95.0,41.0,199.0,D
76,5.0,421.0,210.5,11.0,60.0,51.0,110.0,D
77,6.0,242.0,24.2,5.0,94.0,36.0,270.0,D
78,4.0,403.0,40.3,16.0,41.0,38.0,96.0,D
79,5.0,537.0,53.7,18.0,14.0,47.0,73.0,D
80,6.0,292.0,146.0,9.0,66.0,37.0,127.0,D
81,6.0,352.0,70.4,11.0,83.0,38.0,192.0,D
82,5.0,274.0,68.5,8.0,83.0,35.0,155.0,D
83,5.0,352.0,50.29,9.0,76.0,43.0,140.0,D
84,5.0,322.0,53.67,8.0,56.0,38.0,187.0,D
85,5.0,374.0,124.67,5.0,36.0,38.0,47.0,D
86,6.0,329.0,65.8,8.0,74.0,34.0,164.0,D
87,4.0,255.0,63.75,6.0,3.0,25.0,21.0,D
88,6.0,190.0,19.0,4.0,92.0,29.0,245.0,D
89,4.0,197.0,98.5,4.0,101.0,34.0,144.0,D
90,5.0,216.0,Inf,5.0,90.0,37.0,153.0,D
91,5.0,394.0,39.4,9.0,48.0,41.0,153.0,D
92,4.0,324.0,32.4,13.0,60.0,37.0,90.0,D
93,5.0,250.0,250.0,5.0,42.0,28.0,73.0,D
94,4.0,270.0,27.0,7.0,51.0,32.0,127.0,D
95,4.0,304.0,50.67,5.0,91.0,37.0,140.0,D
96,5.0,531.0,53.1,18.0,18.0,50.0,41.0,D
97,4.0,272.0,90.67,7.0,78.0,37.0,144.0,D
98,4.0,263.0,26.3,9.0,85.0,40.0,122.0,D
99,4.0,305.0,76.25,9.0,73.0,32.0,187.0,D
100,4.0,409.0,51.12,5.0,44.0,53.0,71.0,D
1,5.0,332.0,33.2,13.0,77.0,44.0,159.0,G
2,4.0,178.0,17.8,3.0,92.0,34.0,187.0,G
3,4.0,346.0,346.0,9.0,39.0,44.0,49.0,G
4,4.0,304.0,30.4,5.0,27.0,29.0,64.0,G
5,4.0,208.0,208.0,3.0,93.0,32.0,132.0,G
6,3.0,534.0,59.33,16.0,15.0,38.0,65.0,G
7,5.0,177.0,88.5,2.0,102.0,33.0,222.0,G
8,5.0,334.0,33.4,8.0,64.0,46.0,118.0,G
9,3.0,286.0,71.5,8.0,42.0,26.0,72.0,G
10,4.0,277.0,27.7,2.0,61.0,33.0,114.0,G
11,4.0,503.0,50.3,2.0,0.0,43.0,4.0,G
12,4.0,195.0,97.5,5.0,98.0,32.0,132.0,G
13,4.0,258.0,25.8,3.0,97.0,37.0,197.0,G
14,6.0,287.0,28.7,8.0,75.0,34.0,156.0,G
15,5.0,280.0,28.0,7.0,68.0,38.0,129.0,G
16,3.0,217.0,27.12,10.0,8.0,18.0,20.0,G
17,3.0,206.0,29.43,4.0,30.0,23.0,28.0,G
18,5.0,423.0,105.75,12.0,55.0,45.0,147.0,G
19,6.0,221.0,22.1,3.0,95.0,38.0,179.0,G
20,4.0,408.0,45.33,14.0,32.0,47.0,40.0,G
21,2.0,5.0,1.67,0.0,0.0,2.0,1.0,G
22,3.0,432.0,61.71,11.0,16.0,33.0,29.0,G
23,5.0,389.0,129.67,12.0,29.0,34.0,64.0,G
24,4.0,227.0,45.4,5.0,100.0,37.0,157.0,G
25,4.0,277.0,27.7,5.0,88.0,34.0,166.0,G
26,6.0,281.0,46.83,6.0,88.0,48.0,199.0,G
27,5.0,351.0,35.1,5.0,5.0,35.0,25.0,G
28,3.0,309.0,Inf,6.0,38.0,38.0,52.0,G
29,5.0,226.0,45.2,6.0,71.0,31.0,131.0,G
30,4.0,264.0,26.4,5.0,19.0,27.0,38.0,G
31,5.0,330.0,47.14,4.0,88.0,42.0,139.0,G
32,5.0,403.0,100.75,9.0,30.0,47.0,54.0,G
33,4.0,286.0,57.2,4.0,81.0,35.0,135.0,G
34,3.0,166.0,83.0,1.0,26.0,17.0,38.0,G
35,6.0,278.0,27.8,8.0,96.0,44.0,156.0,G
36,5.0,204.0,20.4,7.0,92.0,30.0,188.0,G
37,4.0,344.0,34.4,7.0,69.0,41.0,115.0,G
38,5.0,271.0,90.33,6.0,95.0,39.0,210.0,G
39,5.0,284.0,28.4,5.0,83.0,41.0,157.0,G
40,4.0,338.0,67.6,5.0,62.0,47.0,157.0,G
41,5.0,311.0,31.1,10.0,69.0,42.0,153.0,G
42,5.0,228.0,22.8,1.0,95.0,42.0,200.0,G
43,4.0,367.0,36.7,7.0,57.0,46.0,79.0,G
44,6.0,264.0,26.4,3.0,60.0,33.0,188.0,G
45,5.0,246.0,24.6,6.0,95.0,40.0,219.0,G
46,3.0,147.0,29.4,6.0,49.0,18.0,67.0,G
47,7.0,231.0,57.75,4.0,80.0,35.0,154.0,G
48,4.0,379.0,379.0,10.0,59.0,41.0,98.0,G
49,5.0,377.0,41.89,8.0,51.0,38.0,103.0,G
50,5.0,324.0,108.0,11.0,59.0,31.0,149.0,G
51,5.0,245.0,81.67,5.0,82.0,44.0,185.0,G
52,4.0,243.0,81.0,5.0,95.0,29.0,227.0,G
53,6.0,302.0,302.0,10.0,52.0,35.0,115.0,G
54,4.0,290.0,72.5,10.0,58.0,35.0,139.0,G
55,5.0,225.0,22.5,7.0,52.0,34.0,107.0,G
56,3.0,355.0,88.75,7.0,64.0,42.0,137.0,G
57,5.0,244.0,24.4,4.0,91.0,27.0,152.0,G
58,4.0,247.0,123.5,5.0,82.0,30.0,161.0,G
59,5.0,431.0,43.1,9.0,57.0,32.0,73.0,G
60,4.0,195.0,32.5,3.0,105.0,33.0,187.0,G
61,4.0,279.0,31.0,9.0,73.0,37.0,149.0,G
62,5.0,315.0,31.5,6.0,86.0,40.0,177.0,G
63,5.0,284.0,35.5,5.0,82.0,39.0,228.0,G
64,4.0,205.0,Inf,6.0,44.0,20.0,59.0,G
65,6.0,173.0,43.25,2.0,83.0,36.0,137.0,G
66,4.0,206.0,20.6,2.0,24.0,23.0,54.0,G
67,4.0,266.0,66.5,4.0,44.0,31.0,90.0,G
68,4.0,250.0,25.0,7.0,55.0,33.0,83.0,G
69,4.0,357.0,35.7,10.0,15.0,39.0,40.0,G
70,5.0,226.0,28.25,7.0,116.0,42.0,202.0,G
71,4.0,273.0,54.6,12.0,58.0,31.0,102.0,G
72,4.0,233.0,233.0,3.0,48.0,24.0,86.0,G
73,5.0,290.0,29.0,7.0,84.0,42.0,176.0,G
74,4.0,266.0,26.6,7.0,96.0,32.0,207.0,G
75,5.0,215.0,43.0,2.0,90.0,28.0,135.0,G
76,5.0,297.0,99.0,7.0,94.0,41.0,185.0,G
77,3.0,132.0,26.4,3.0,25.0,13.0,35.0,G
78,3.0,232.0,23.2,5.0,64.0,28.0,94.0,G
79,4.0,382.0,63.67,10.0,34.0,40.0,63.0,G
80,5.0,351.0,35.1,8.0,75.0,37.0,224.0,G
81,4.0,222.0,55.5,13.0,54.0,35.0,99.0,G
82,4.0,330.0,33.0,6.0,70.0,42.0,109.0,G
83,3.0,230.0,38.33,9.0,27.0,30.0,44.0,G
84,5.0,184.0,18.4,2.0,113.0,34.0,250.0,G
85,4.0,215.0,107.5,1.0,78.0,26.0,150.0,G
86,6.0,238.0,23.8,4.0,106.0,44.0,216.0,G
87,6.0,386.0,Inf,11.0,24.0,38.0,60.0,G
88,5.0,385.0,38.5,6.0,63.0,49.0,178.0,G
89,5.0,343.0,68.6,11.0,62.0,36.0,122.0,G
90,4.0,371.0,371.0,15.0,43.0,40.0,95.0,G
91,5.0,325.0,36.11,6.0,55.0,41.0,147.0,G
92,5.0,329.0,164.5,6.0,50.0,46.0,138.0,G
93,5.0,289.0,28.9,7.0,87.0,46.0,237.0,G
94,4.0,332.0,166.0,9.0,34.0,36.0,59.0,G
95,5.0,222.0,22.2,3.0,108.0,48.0,183.0,G
96,4.0,159.0,15.9,1.0,86.0,23.0,150.0,G
97,6.0,460.0,46.0,15.0,43.0,45.0,112.0,G
98,5.0,132.0,44.0,2.0,57.0,26.0,123.0,G
99,5.0,236.0,236.0,0.0,56.0,26.0,132.0,G
100,4.0,166.0,Inf,4.0,49.0,25.0,132.0,G
1,6.0,307.0,61.4,10.0,111.0,49.0,215.0,E
2,5.0,473.0,59.12,13.0,65.0,52.0,183.0,E
3,4.0,420.0,84.0,8.0,72.0,47.0,140.0,E
4,5.0,245.0,24.5,9.0,3.0,26.0,26.0,E
5,5.0,396.0,39.6,13.0,101.0,51.0,208.0,E
6,4.0,399.0,Inf,15.0,63.0,38.0,118.0,E
7,6.0,288.0,28.8,4.0,113.0,43.0,259.0,E
8,5.0,441.0,73.5,13.0,70.0,50.0,121.0,E
9,6.0,324.0,32.4,11.0,98.0,47.0,192.0,E
10,4.0,356.0,35.6,9.0,107.0,49.0,257.0,E
11,4.0,217.0,108.5,6.0,123.0,30.0,214.0,E
12,6.0,209.0,20.9,2.0,127.0,40.0,248.0,E
13,6.0,302.0,Inf,4.0,119.0,45.0,189.0,E
14,5.0,361.0,36.1,11.0,86.0,48.0,196.0,E
15,6.0,375.0,187.5,10.0,89.0,43.0,212.0,E
16,5.0,356.0,39.56,3.0,108.0,51.0,189.0,E
17,5.0,346.0,346.0,7.0,83.0,47.0,150.0,E
18,6.0,557.0,55.7,16.0,27.0,53.0,88.0,E
19,5.0,351.0,87.75,6.0,93.0,51.0,139.0,E
20,5.0,459.0,45.9,11.0,75.0,49.0,187.0,E
21,4.0,305.0,33.89,8.0,101.0,47.0,168.0,E
22,6.0,329.0,32.9,4.0,113.0,54.0,235.0,E
23,5.0,427.0,427.0,16.0,76.0,34.0,188.0,E
24,5.0,541.0,60.11,16.0,51.0,50.0,110.0,E
25,4.0,569.0,189.67,16.0,24.0,45.0,71.0,E
26,7.0,294.0,29.4,4.0,117.0,53.0,265.0,E
27,5.0,549.0,54.9,16.0,26.0,56.0,53.0,E
28,5.0,278.0,27.8,7.0,99.0,46.0,204.0,E
29,5.0,488.0,48.8,10.0,58.0,53.0,132.0,E
30,5.0,336.0,112.0,10.0,93.0,48.0,142.0,E
31,5.0,324.0,162.0,5.0,113.0,45.0,249.0,E
32,5.0,433.0,43.3,11.0,69.0,55.0,154.0,E
33,4.0,357.0,119.0,9.0,89.0,45.0,119.0,E
34,5.0,328.0,82.0,7.0,109.0,49.0,231.0,E
35,6.0,287.0,28.7,4.0,122.0,46.0,250.0,E
36,5.0,404.0,101.0,8.0,81.0,49.0,173.0,E
37,4.0,394.0,197.0,7.0,76.0,37.0,159.0,E
38,6.0,280.0,70.0,3.0,128.0,59.0,253.0,E
39,5.0,355.0,35.5,10.0,101.0,43.0,207.0,E
40,5.0,340.0,113.33,2.0,99.0,54.0,150.0,E
41,5.0,285.0,Inf,4.0,102.0,39.0,171.0,E
42,5.0,483.0,48.3,15.0,74.0,64.0,136.0,E
43,5.0,180.0,180.0,2.0,128.0,47.0,192.0,E
44,4.0,299.0,Inf,5.0,74.0,42.0,122.0,E
45,5.0,317.0,31.7,3.0,114.0,41.0,256.0,E
46,5.0,341.0,34.1,6.0,97.0,46.0,225.0,E
47,5.0,226.0,22.6,1.0,130.0,39.0,226.0,E
48,6.0,347.0,34.7,5.0,97.0,57.0,148.0,E
49,5.0,501.0,50.1,8.0,50.0,44.0,113.0,E
50,6.0,593.0,Inf,13.0,14.0,55.0,25.0,E
51,5.0,292.0,29.2,3.0,140.0,47.0,268.0,E
52,4.0,172.0,28.67,3.0,144.0,43.0,209.0,E
53,5.0,346.0,34.6,10.0,85.0,42.0,232.0,E
54,6.0,283.0,35.38,6.0,98.0,47.0,142.0,E
55,5.0,224.0,112.0,5.0,116.0,35.0,225.0,E
56,4.0,409.0,45.44,11.0,75.0,56.0,96.0,E
57,4.0,617.0,88.14,19.0,15.0,57.0,42.0,E
58,4.0,382.0,38.2,11.0,81.0,53.0,121.0,E
59,5.0,300.0,60.0,8.0,102.0,43.0,196.0,E
60,6.0,503.0,50.3,14.0,52.0,56.0,127.0,E
61,5.0,325.0,32.5,3.0,114.0,53.0,205.0,E
62,5.0,351.0,35.1,4.0,88.0,50.0,136.0,E
63,6.0,264.0,26.4,3.0,124.0,51.0,262.0,E
64,6.0,330.0,33.0,7.0,118.0,52.0,256.0,E
65,5.0,264.0,26.4,2.0,104.0,38.0,201.0,E
66,6.0,306.0,102.0,4.0,107.0,40.0,220.0,E
67,6.0,328.0,32.8,10.0,104.0,46.0,187.0,E
68,6.0,438.0,43.8,13.0,73.0,46.0,217.0,E
69,6.0,249.0,83.0,4.0,114.0,37.0,238.0,E
70,5.0,337.0,168.5,9.0,93.0,46.0,157.0,E
71,6.0,283.0,94.33,5.0,128.0,37.0,255.0,E
72,6.0,305.0,30.5,2.0,119.0,58.0,234.0,E
73,5.0,601.0,60.1,19.0,32.0,48.0,85.0,E
74,8.0,405.0,40.5,8.0,87.0,49.0,213.0,E
75,5.0,267.0,133.5,3.0,109.0,44.0,194.0,E
76,5.0,287.0,28.7,6.0,118.0,53.0,173.0,E
77,6.0,236.0,23.6,6.0,114.0,33.0,181.0,E
78,5.0,434.0,43.4,8.0,78.0,45.0,167.0,E
79,6.0,501.0,50.1,15.0,77.0,56.0,138.0,E
80,5.0,517.0,51.7,8.0,46.0,53.0,98.0,E
81,5.0,458.0,45.8,14.0,70.0,40.0,142.0,E
82,5.0,407.0,40.7,11.0,90.0,47.0,200.0,E
83,4.0,315.0,78.75,6.0,113.0,47.0,242.0,E
84,4.0,366.0,36.6,8.0,104.0,55.0,176.0,E
85,5.0,286.0,35.75,5.0,116.0,41.0,214.0,E
86,4.0,263.0,Inf,5.0,124.0,38.0,236.0,E
87,4.0,445.0,44.5,8.0,56.0,56.0,103.0,E
88,5.0,232.0,23.2,4.0,122.0,47.0,313.0,E
89,6.0,285.0,142.5,4.0,103.0,39.0,178.0,E
90,5.0,564.0,564.0,17.0,24.0,44.0,53.0,E
91,4.0,247.0,247.0,5.0,114.0,52.0,177.0,E
92,5.0,345.0,34.5,5.0,100.0,47.0,217.0,E
93,5.0,274.0,30.44,4.0,135.0,38.0,233.0,E
94,4.0,245.0,24.5,4.0,120.0,41.0,202.0,E
95,5.0,312.0,31.2,5.0,90.0,47.0,186.0,E
96,5.0,326.0,32.6,11.0,93.0,41.0,156.0,E
97,5.0,225.0,28.12,4.0,124.0,40.0,203.0,E
98,7.0,439.0,43.9,6.0,82.0,50.0,239.0,E
99,5.0,265.0,265.0,7.0,120.0,36.0,226.0,E
100,6.0,363.0,Inf,9.0,85.0,36.0,201.0,E
1,5.0,242.0,24.2,7.0,68.0,55.0,146.0,F
2,5.0,220.0,220.0,5.0,51.0,44.0,89.0,F
3,5.0,236.0,26.22,7.0,44.0,47.0,72.0,F
4,5.0,190.0,190.0,4.0,102.0,35.0,163.0,F
5,4.0,234.0,117.0,6.0,34.0,63.0,76.0,F
6,5.0,323.0,32.3,7.0,15.0,57.0,39.0,F
7,5.0,232.0,23.2,9.0,22.0,47.0,78.0,F
8,5.0,262.0,26.2,5.0,4.0,55.0,9.0,F
9,5.0,275.0,27.5,4.0,52.0,58.0,23.0,F
10,4.0,237.0,29.62,4.0,27.0,55.0,50.0,F
11,7.0,248.0,24.8,5.0,29.0,51.0,73.0,F
12,5.0,231.0,77.0,2.0,79.0,49.0,137.0,F
13,3.0,222.0,222.0,7.0,6.0,42.0,3.0,F
14,5.0,204.0,34.0,2.0,85.0,50.0,146.0,F
15,5.0,192.0,19.2,4.0,87.0,56.0,188.0,F
16,5.0,190.0,19.0,2.0,99.0,54.0,199.0,F
17,5.0,145.0,18.12,2.0,144.0,49.0,237.0,F
18,5.0,225.0,22.5,1.0,73.0,51.0,98.0,F
19,5.0,198.0,99.0,3.0,80.0,54.0,148.0,F
20,6.0,286.0,28.6,6.0,24.0,57.0,25.0,F
21,5.0,259.0,25.9,5.0,51.0,67.0,126.0,F
22,4.0,263.0,87.67,8.0,18.0,50.0,29.0,F
23,5.0,263.0,26.3,11.0,15.0,50.0,30.0,F
24,6.0,190.0,19.0,2.0,125.0,52.0,222.0,F
25,6.0,302.0,30.2,7.0,31.0,49.0,52.0,F
26,4.0,268.0,26.8,7.0,17.0,58.0,36.0,F
27,5.0,241.0,24.1,6.0,49.0,48.0,85.0,F
28,5.0,225.0,56.25,7.0,61.0,49.0,127.0,F
29,4.0,244.0,244.0,5.0,31.0,53.0,42.0,F
30,5.0,236.0,29.5,4.0,77.0,47.0,165.0,F
31,5.0,263.0,52.6,3.0,6.0,66.0,4.0,F
32,6.0,227.0,22.7,3.0,61.0,61.0,143.0,F
33,5.0,197.0,19.7,4.0,122.0,50.0,223.0,F
34,5.0,278.0,27.8,3.0,13.0,69.0,10.0,F
35,5.0,251.0,251.0,4.0,29.0,49.0,41.0,F
36,5.0,229.0,45.8,3.0,40.0,54.0,56.0,F
37,5.0,270.0,30.0,6.0,11.0,61.0,30.0,F
38,5.0,280.0,28.0,8.0,7.0,50.0,10.0,F
39,5.0,195.0,19.5,3.0,83.0,39.0,250.0,F
40,6.0,231.0,46.2,3.0,72.0,63.0,145.0,F
41,5.0,195.0,19.5,3.0,105.0,46.0,183.0,F
42,5.0,318.0,31.8,7.0,8.0,77.0,37.0,F
43,6.0,248.0,49.6,6.0,34.0,56.0,31.0,F
44,5.0,275.0,27.5,7.0,23.0,44.0,63.0,F
45,6.0,274.0,91.33,3.0,55.0,62.0,105.0,F
46,4.0,238.0,79.33,2.0,92.0,56.0,179.0,F
47,5.0,317.0,31.7,4.0,15.0,53.0,46.0,F
48,6.0,247.0,24.7,2.0,80.0,62.0,158.0,F
49,5.0,205.0,20.5,3.0,102.0,55.0,217.0,F
50,6.0,202.0,20.2,4.0,69.0,42.0,168.0,F
51,4.0,288.0,28.8,4.0,9.0,67.0,26.0,F
52,5.0,251.0,25.1,3.0,54.0,65.0,116.0,F
53,4.0,192.0,19.2,4.0,77.0,49.0,130.0,F
54,4.0,254.0,Inf,5.0,34.0,45.0,90.0,F
55,5.0,134.0,134.0,0.0,111.0,32.0,193.0,F
56,5.0,278.0,139.0,6.0,13.0,51.0,18.0,F
57,5.0,286.0,28.6,8.0,11.0,68.0,32.0,F
58,4.0,212.0,53.0,9.0,61.0,47.0,95.0,F
59,5.0,233.0,38.83,5.0,82.0,61.0,165.0,F
60,4.0,242.0,60.5,7.0,32.0,50.0,52.0,F
61,5.0,191.0,19.1,4.0,84.0,47.0,210.0,F
62,5.0,277.0,34.62,11.0,45.0,48.0,94.0,F
63,6.0,274.0,91.33,5.0,24.0,63.0,63.0,F
64,4.0,208.0,52.0,4.0,87.0,52.0,125.0,F
65,6.0,290.0,145.0,7.0,9.0,65.0,13.0,F
66,4.0,276.0,55.2,5.0,36.0,68.0,46.0,F
67,6.0,218.0,21.8,3.0,129.0,61.0,276.0,F
68,4.0,292.0,58.4,9.0,12.0,55.0,11.0,F
69,5.0,262.0,87.33,5.0,37.0,46.0,70.0,F
70,5.0,324.0,32.4,10.0,23.0,56.0,68.0,F
71,5.0,260.0,26.0,4.0,82.0,50.0,137.0,F
72,6.0,246.0,24.6,4.0,37.0,49.0,74.0,F
73,5.0,284.0,28.4,4.0,7.0,72.0,15.0,F
74,5.0,253.0,25.3,6.0,28.0,52.0,60.0,F
75,5.0,308.0,44.0,4.0,4.0,54.0,8.0,F
76,4.0,212.0,106.0,5.0,76.0,43.0,134.0,F
77,4.0,183.0,36.6,4.0,122.0,51.0,241.0,F
78,5.0,200.0,20.0,8.0,101.0,50.0,193.0,F
79,5.0,254.0,25.4,10.0,44.0,54.0,77.0,F
80,5.0,175.0,43.75,4.0,97.0,38.0,186.0,F
81,4.0,279.0,34.88,2.0,3.0,66.0,22.0,F
82,5.0,148.0,37.0,2.0,134.0,49.0,226.0,F
83,5.0,265.0,26.5,6.0,18.0,54.0,41.0,F
84,6.0,233.0,116.5,5.0,91.0,55.0,206.0,F
85,5.0,261.0,87.0,3.0,10.0,54.0,29.0,F
86,7.0,255.0,31.88,7.0,36.0,56.0,92.0,F
87,4.0,209.0,69.67,7.0,49.0,36.0,95.0,F
88,6.0,304.0,30.4,6.0,20.0,59.0,40.0,F
89,5.0,298.0,59.6,10.0,16.0,64.0,38.0,F
90,5.0,171.0,85.5,1.0,91.0,33.0,152.0,F
91,7.0,245.0,24.5,7.0,88.0,56.0,236.0,F
92,4.0,288.0,28.8,7.0,17.0,58.0,48.0,F
93,6.0,217.0,21.7,3.0,103.0,61.0,148.0,F
94,4.0,263.0,26.3,8.0,38.0,54.0,130.0,F
95,4.0,231.0,23.1,4.0,75.0,57.0,146.0,F
96,5.0,229.0,22.9,3.0,58.0,61.0,83.0,F
97,4.0,187.0,187.0,6.0,38.0,51.0,59.0,F
98,4.0,215.0,35.83,4.0,76.0,46.0,126.0,F
99,5.0,207.0,103.5,3.0,91.0,45.0,153.0,F
100,4.0,266.0,26.6,8.0,19.0,62.0,43.0,F
1,6.0,192.0,19.2,3.0,68.0,39.0,154.0,H
2,5.0,94.0,9.4,1.0,88.0,29.0,217.0,H
3,6.0,153.0,15.3,4.0,78.0,41.0,173.0,H
4,4.0,189.0,18.9,5.0,13.0,33.0,66.0,H
5,4.0,173.0,57.67,1.0,72.0,38.0,158.0,H
6,3.0,208.0,208.0,1.0,14.0,43.0,14.0,H
7,5.0,234.0,23.4,6.0,22.0,51.0,28.0,H
8,4.0,215.0,21.5,4.0,4.0,41.0,19.0,H
9,5.0,160.0,16.0,4.0,63.0,41.0,117.0,H
10,5.0,152.0,38.0,0.0,3.0,32.0,6.0,H
11,3.0,169.0,16.9,8.0,11.0,34.0,18.0,H
12,4.0,149.0,14.9,2.0,81.0,33.0,146.0,H
13,3.0,110.0,11.0,5.0,24.0,29.0,30.0,H
14,3.0,191.0,21.22,3.0,1.0,39.0,9.0,H
15,4.0,207.0,20.7,7.0,14.0,42.0,23.0,H
16,4.0,188.0,18.8,3.0,68.0,35.0,157.0,H
17,5.0,180.0,18.0,2.0,75.0,43.0,204.0,H
18,4.0,123.0,30.75,1.0,50.0,22.0,78.0,H
19,4.0,109.0,Inf,1.0,21.0,23.0,33.0,H
20,4.0,182.0,18.2,4.0,64.0,43.0,136.0,H
21,5.0,96.0,9.6,4.0,43.0,25.0,100.0,H
22,6.0,148.0,14.8,2.0,78.0,46.0,172.0,H
23,4.0,240.0,24.0,7.0,7.0,45.0,29.0,H
24,4.0,223.0,37.17,5.0,8.0,49.0,24.0,H
25,4.0,218.0,54.5,4.0,3.0,38.0,8.0,H
26,7.0,173.0,17.3,3.0,12.0,38.0,21.0,H
27,5.0,173.0,24.71,5.0,2.0,36.0,15.0,H
28,6.0,204.0,20.4,6.0,43.0,32.0,97.0,H
29,4.0,64.0,6.4,3.0,2.0,17.0,14.0,H
30,4.0,144.0,14.4,4.0,23.0,33.0,54.0,H
31,4.0,158.0,15.8,2.0,70.0,34.0,99.0,H
32,4.0,208.0,20.8,5.0,25.0,34.0,79.0,H
33,5.0,233.0,23.3,4.0,14.0,40.0,47.0,H
34,5.0,252.0,31.5,4.0,24.0,52.0,52.0,H
35,5.0,120.0,40.0,7.0,11.0,19.0,68.0,H
36,4.0,156.0,78.0,3.0,1.0,29.0,7.0,H
37,3.0,125.0,15.62,1.0,10.0,21.0,19.0,H
38,5.0,145.0,72.5,6.0,11.0,28.0,62.0,H
39,5.0,259.0,129.5,7.0,10.0,49.0,33.0,H
40,4.0,139.0,13.9,3.0,0.0,26.0,6.0,H
41,4.0,187.0,187.0,4.0,4.0,43.0,9.0,H
42,5.0,100.0,10.0,3.0,0.0,22.0,1.0,H
43,3.0,156.0,78.0,4.0,26.0,33.0,54.0,H
44,3.0,139.0,69.5,2.0,2.0,20.0,10.0,H
45,5.0,116.0,11.6,0.0,79.0,35.0,141.0,H
46,6.0,173.0,24.71,1.0,93.0,43.0,215.0,H
47,5.0,211.0,35.17,4.0,2.0,41.0,4.0,H
48,6.0,129.0,25.8,3.0,7.0,32.0,12.0,H
49,5.0,204.0,34.0,2.0,11.0,58.0,10.0,H
50,5.0,146.0,14.6,2.0,35.0,30.0,85.0,H
51,4.0,132.0,13.2,4.0,86.0,37.0,170.0,H
52,5.0,172.0,17.2,7.0,26.0,38.0,43.0,H
53,5.0,166.0,16.6,4.0,80.0,43.0,169.0,H
54,4.0,180.0,30.0,2.0,81.0,37.0,218.0,H
55,3.0,127.0,42.33,2.0,33.0,41.0,73.0,H
56,4.0,136.0,Inf,1.0,12.0,37.0,29.0,H
57,5.0,246.0,24.6,5.0,31.0,50.0,80.0,H
58,4.0,131.0,13.1,2.0,79.0,42.0,149.0,H
59,4.0,254.0,25.4,7.0,34.0,46.0,48.0,H
60,5.0,171.0,21.38,3.0,56.0,43.0,121.0,H
61,3.0,153.0,Inf,4.0,13.0,32.0,13.0,H
62,4.0,171.0,85.5,3.0,2.0,38.0,30.0,H
63,4.0,211.0,30.14,4.0,45.0,38.0,68.0,H
64,5.0,115.0,11.5,2.0,36.0,32.0,70.0,H
65,4.0,150.0,21.43,2.0,14.0,38.0,27.0,H
66,5.0,204.0,40.8,7.0,24.0,49.0,48.0,H
67,4.0,118.0,Inf,0.0,4.0,27.0,7.0,H
68,5.0,201.0,100.5,6.0,30.0,38.0,80.0,H
69,4.0,135.0,19.29,1.0,37.0,31.0,48.0,H
70,4.0,172.0,17.2,5.0,1.0,43.0,3.0,H
71,3.0,132.0,66.0,4.0,39.0,19.0,50.0,H
72,5.0,172.0,17.2,4.0,73.0,40.0,189.0,H
73,3.0,209.0,20.9,3.0,26.0,35.0,42.0,H
74,4.0,158.0,15.8,3.0,3.0,32.0,19.0,H
75,3.0,110.0,110.0,2.0,39.0,31.0,84.0,H
76,4.0,250.0,31.25,7.0,12.0,40.0,28.0,H
77,4.0,174.0,17.4,2.0,15.0,43.0,24.0,H
78,5.0,185.0,37.0,4.0,2.0,38.0,7.0,H
79,5.0,169.0,16.9,3.0,57.0,41.0,129.0,H
80,5.0,218.0,21.8,3.0,3.0,46.0,1.0,H
81,5.0,178.0,17.8,4.0,56.0,44.0,108.0,H
82,5.0,226.0,22.6,4.0,36.0,42.0,82.0,H
83,4.0,187.0,23.38,2.0,44.0,47.0,77.0,H
84,4.0,180.0,60.0,3.0,66.0,39.0,132.0,H
85,4.0,267.0,26.7,3.0,3.0,58.0,11.0,H
86,5.0,159.0,159.0,2.0,1.0,29.0,2.0,H
87,5.0,173.0,17.3,2.0,52.0,34.0,127.0,H
88,4.0,233.0,25.89,4.0,1.0,42.0,11.0,H
89,5.0,170.0,34.0,1.0,1.0,27.0,3.0,H
90,5.0,177.0,17.7,2.0,2.0,33.0,35.0,H
91,6.0,96.0,13.71,1.0,43.0,24.0,95.0,H
92,4.0,146.0,48.67,2.0,94.0,36.0,171.0,H
93,4.0,208.0,20.8,3.0,10.0,50.0,7.0,H
94,4.0,131.0,16.38,2.0,55.0,35.0,103.0,H
95,4.0,93.0,9.3,2.0,11.0,23.0,29.0,H
96,4.0,215.0,107.5,5.0,5.0,42.0,42.0,H
97,4.0,205.0,20.5,3.0,9.0,41.0,19.0,H
98,4.0,191.0,191.0,2.0,35.0,42.0,104.0,H
99,4.0,194.0,97.0,4.0,1.0,32.0,21.0,H
100,4.0,149.0,24.83,3.0,24.0,36.0,67.0,H
